{
  "experiment_info": {
    "timestamp": "2025-08-13 14:51:40",
    "total_experiment_time": 1.9795966148376465,
    "model_parameters": "UncertaintyARDM (vocab=1000, seq_len=32, hidden=256)",
    "test_prompts_count": 5
  },
  "results": {
    "l2r": {
      "times": [
        0.09027528762817383,
        0.08452749252319336,
        0.08537817001342773,
        0.10210037231445312
      ],
      "revisions": [
        0,
        0,
        0,
        0
      ],
      "quality_scores": [],
      "diversity_scores": [
        1.0,
        0.95,
        1.0,
        1.0
      ],
      "coherence_scores": [
        1.0,
        1.0,
        1.0,
        1.0
      ],
      "avg_time": 0.09057033061981201,
      "avg_revisions": 0.0
    },
    "fixed_schedule": {
      "times": [
        0.13130450248718262,
        0.35959911346435547,
        0.15256357192993164,
        0.19188523292541504
      ],
      "revisions": [
        9,
        8,
        8,
        7
      ],
      "quality_scores": [],
      "diversity_scores": [
        1.0,
        1.0,
        1.0,
        1.0
      ],
      "coherence_scores": [
        0.6666666666666666,
        0.6896551724137931,
        0.6896551724137931,
        0.7142857142857143
      ],
      "avg_time": 0.2088381052017212,
      "avg_revisions": 8.0
    },
    "dynamic_gate": {
      "times": [
        0.16926312446594238,
        0.18880581855773926,
        0.20760345458984375,
        0.20387578010559082
      ],
      "revisions": [
        8,
        9,
        9,
        9
      ],
      "quality_scores": [],
      "diversity_scores": [
        0.95,
        1.0,
        1.0,
        1.0
      ],
      "coherence_scores": [
        0.6018518518518519,
        0.68259385665529,
        0.627062706270627,
        0.6603773584905661
      ],
      "quality_vs_nfe_data": [
        {
          "nfe_points": [
            1,
            2,
            3,
            4,
            5,
            6,
            7,
            8,
            9,
            10
          ],
          "quality_points": [
            1.0,
            1.0,
            0.6666666666666666,
            0.6,
            0.5833333333333334,
            0.5714285714285714,
            0.5625,
            0.55,
            0.5416666666666666,
            0.5357142857142857
          ],
          "efficiency": 0.0,
          "final_quality": 0.5357142857142857,
          "total_nfe": 10,
          "quality_gain": -0.4642857142857143
        },
        {
          "nfe_points": [
            1,
            2,
            3,
            4,
            5,
            6,
            7,
            8,
            9,
            10
          ],
          "quality_points": [
            0.625,
            0.5625,
            0.55,
            0.5454545454545454,
            0.5416666666666666,
            0.53125,
            0.5294117647058824,
            0.5263157894736842,
            0.5263157894736842,
            0.5238095238095238
          ],
          "efficiency": 0.0,
          "final_quality": 0.5238095238095238,
          "total_nfe": 10,
          "quality_gain": -0.10119047619047616
        },
        {
          "nfe_points": [
            1,
            2,
            3,
            4,
            5,
            6,
            7,
            8,
            9,
            10
          ],
          "quality_points": [
            0.6666666666666666,
            0.6,
            0.5833333333333334,
            0.5833333333333334,
            0.5625,
            0.55,
            0.5384615384615384,
            0.53125,
            0.5263157894736842,
            0.525
          ],
          "efficiency": 0.0,
          "final_quality": 0.525,
          "total_nfe": 10,
          "quality_gain": -0.1416666666666666
        },
        {
          "nfe_points": [
            1,
            2,
            3,
            4,
            5,
            6,
            7,
            8,
            9,
            10
          ],
          "quality_points": [
            0.6666666666666666,
            0.5625,
            0.5555555555555556,
            0.5416666666666666,
            0.5357142857142857,
            0.5357142857142857,
            0.5333333333333333,
            0.5294117647058824,
            0.5263157894736842,
            0.5227272727272727
          ],
          "efficiency": 0.0,
          "final_quality": 0.5227272727272727,
          "total_nfe": 10,
          "quality_gain": -0.14393939393939392
        }
      ],
      "tokens_overwritten_patterns": [
        [
          0,
          0,
          2,
          2,
          1,
          1,
          1,
          2,
          2,
          2
        ],
        [
          3,
          4,
          2,
          1,
          1,
          4,
          1,
          2,
          0,
          2
        ],
        [
          2,
          2,
          1,
          0,
          2,
          2,
          3,
          3,
          3,
          1
        ],
        [
          2,
          5,
          1,
          3,
          2,
          0,
          1,
          2,
          2,
          3
        ]
      ],
      "positional_focus_data": [
        {
          "early_focus": 1.0,
          "middle_focus": 0.0,
          "late_focus": 0.0,
          "total_positions_revised": 13
        },
        {
          "early_focus": 1.0,
          "middle_focus": 0.0,
          "late_focus": 0.0,
          "total_positions_revised": 20
        },
        {
          "early_focus": 1.0,
          "middle_focus": 0.0,
          "late_focus": 0.0,
          "total_positions_revised": 19
        },
        {
          "early_focus": 1.0,
          "middle_focus": 0.0,
          "late_focus": 0.0,
          "total_positions_revised": 21
        }
      ],
      "avg_time": 0.19238704442977905,
      "avg_revisions": 8.75
    }
  },
  "summary": {
    "l2r_avg_time": 0.09057033061981201,
    "fixed_schedule_avg_time": 0.2088381052017212,
    "dynamic_gate_avg_time": 0.19238704442977905,
    "l2r_avg_revisions": 0.0,
    "fixed_schedule_avg_revisions": 8.0,
    "dynamic_gate_avg_revisions": 8.75
  }
}